Cust_ID,Cust_name,Cust_mob,Cust_email,city,signup_date
C10001,Uttara Mehta,9060774278,uttaramehta@yahoo.org,Rajkot,2024-11-06 15:29:34
C10002,Saraswati Sehgal,9435326143,saraswatisehgal7430@outlook.edu,Bhagalpur,2023-11-09 12:46:28
C10003,Madhur Dutta,9134799182,madhurdutta@outlook.edu,Vizianagaram,2022-05-02 15:10:52
C10004,Kuldeep Uddin,9478864276,kuldeepuddin@google.edu,Raichur,2023-05-19 16:26:51
C10005,Ali Lalit,9153237250,alilalit@yahoo.org,Gangtok,2024-09-11 06:37:22
C10006,Nandita Veer,9168032116,nanditaveer@outlook.com,Aizwal,2023-06-13 06:02:58
C10007,Purnima Pawan,9416128263,purnimapawan@yahoo.com,Kavaratti,2024-06-27 16:03:36
C10008,Avinash Naran,9161838141,avinashnaran@hotmail.com,Raigarh,2024-10-13 10:26:53
C10009,Devadas Neela,9569732885,devadasneela6041@yahoo.edu,Kohima,2022-05-30 10:20:49
C10010,Gulrukh Prasad,9015542744,gulrukhprasad@outlook.com,Shivapuri,2022-12-18 17:58:55
C10011,Sumati Lal,9546314680,sumatilal@outlook.edu,Kavaratti,2023-07-04 02:38:35
C10012,Chanda Gandhi,9841527935,chandagandhi@outlook.org,Silvassa,2024-12-16 20:30:58
C10013,Shashi Krishnamurthy,9871646680,shashikrishnamurthy@hotmail.edu,Kavaratti,2024-12-14 18:31:22
C10014,Upasana Lalit,9118422116,upasanalalit@google.com,Srinagar,2022-04-02 01:30:56
C10015,Mahendra Chander,9198684486,mahendrachander@google.com,Pondicherry,2023-01-02 15:39:35
C10016,Isha Naran,9351783281,ishanaran7548@google.com,Dibrugarh,2022-12-10 13:19:44
C10017,Radha Jai,9528337832,radhajai@google.com,Port Blair,2024-07-29 11:12:29
C10018,Gulbadan Bhat,9879164944,gulbadanbhat@hotmail.org,Rishra,2024-08-18 19:37:12
C10019,Sabeen Jana,9788834576,sabeenjana@google.edu,Gangtok,2023-12-18 02:16:15
C10020,Rajni Veena,9995254154,rajniveena926@google.com,Delhi,2024-08-14 17:16:36
C10021,Siddhartha Sethi,9302837360,siddharthasethi5804@outlook.com,Pondicherry,2024-06-15 13:36:11
C10022,Niraj Kumar,9531292298,nirajkumar@yahoo.org,Bilaspur,2023-04-16 22:36:47
C10023,Uttara Goel,9379558508,uttaragoel@google.com,Silvassa,2024-08-03 14:54:34
C10024,Shanta Darsha,9685145733,shantadarsha9385@hotmail.com,Munger,2024-05-30 11:36:23
C10025,Vipul Rana,9983538732,vipulrana1835@hotmail.org,Silvassa,2022-06-16 22:56:42
C10026,Padma Bhat,9255376230,padmabhat2226@yahoo.edu,Bhilwara,2022-09-25 09:04:20
C10027,Anima Saini,9763225128,animasaini241@google.edu,Khanewal,2022-04-13 16:36:46
C10028,Rama Sandeep,9162335398,ramasandeep7540@google.org,Titagarh,2023-10-18 16:41:34
C10029,Anima Chander,9733717557,animachander@google.edu,Pondicherry,2023-09-07 08:25:57
C10030,Swapna Tyagi,9393772581,swapnatyagi4097@outlook.com,Rajkot,2022-03-12 10:38:09
C10031,Ali Neelam,9536833667,alineelam8176@outlook.edu,Aizwal,2024-08-17 18:44:08
C10032,Drishti Rana,9668618766,drishtirana@google.org,Chandigarh,2024-10-17 06:39:32
C10033,Ratna Veer,9713967672,ratnaveer6259@outlook.com,Mangalore,2022-11-11 13:11:58
C10034,Sanjit Arun,9661332650,sanjitarun@outlook.org,Bhilai,2023-08-12 08:01:06
C10035,Nur Pal,9344493125,nurpal@outlook.org,Delhi,2024-03-14 20:42:17
C10036,Roshan Patel,9527057113,roshanpatel@google.edu,Bhilai,2024-08-01 14:32:35
C10037,Rakesh Mehta,9315331701,rakeshmehta@outlook.com,Silchar,2022-08-12 14:00:10
C10038,Sudhir Manju,9972317905,sudhirmanju@google.com,Kozhikode,2023-03-08 11:46:10
C10039,Sharmila Charan,9402550281,sharmilacharan207@hotmail.com,Imphal,2023-06-19 16:41:12
C10040,Partha Raman,9946524212,partharaman@google.com,Jammu,2023-02-07 09:49:08
C10041,Indra Jindal,9136218608,indrajindal@hotmail.com,Silchar,2024-07-19 22:56:13
C10042,Rashmi Veer,9505448396,rashmiveer9805@google.org,Shimla,2024-09-17 11:44:01
C10043,Apurva Gandhi,9554577883,apurvagandhi5874@yahoo.org,Habra,2024-04-25 04:58:15
C10044,Manjeet Sharma,9539586472,manjeetsharma5997@outlook.com,Shillong,2022-07-12 23:20:36
C10045,Muhammad Soni,9780651508,muhammadsoni8202@google.edu,Chandigarh,2022-06-29 21:58:42
C10046,Gurdeep Dutta,9854168867,gurdeepdutta8302@google.edu,Panjim,2024-02-17 20:33:50
C10047,Lilavati Naran,9737947351,lilavatinaran@yahoo.org,Dindigul,2024-01-29 19:14:09
C10048,Jayanta Jindal,9221684055,jayantajindal7169@yahoo.com,Kohima,2023-11-01 09:21:53
C10049,Apurva Nagpal,9831264201,apurvanagpal@google.org,Ranchi,2022-11-28 02:16:49
C10050,Vishal Lalit,9885812687,vishallalit@hotmail.org,Kohima,2022-06-12 00:15:32
C10051,Prakash Subram,9646568200,prakashsubram@hotmail.org,Shimla,2024-07-09 16:46:56
C10052,Varsha Prasad,9712368963,varshaprasad@google.org,Dehradun,2023-05-18 16:49:42
C10053,Mira Nita,9828131637,miranita@yahoo.edu,Panjim,2023-09-24 15:40:32
C10054,Govinda Soni,9195736189,govindasoni4028@hotmail.com,Itanagar,2022-02-23 11:54:57
C10055,Sunil Kumar,9153587536,sunilkumar@hotmail.edu,Gangtok,2023-06-18 15:47:08
C10056,Jyotsna Bhat,9736656747,jyotsnabhat@outlook.org,Allappuzha,2024-04-30 23:00:09
C10057,Shantanu Srivas,9331371385,shantanusrivas@outlook.com,Chandigarh,2022-08-04 12:07:51
C10058,Shikha Chandrasekar,9128954446,shikhachandrasekar@yahoo.edu,Bareilly,2025-01-11 17:21:58
C10059,Kanchana Chandra,9864326783,kanchanachandra473@hotmail.edu,Kavaratti,2023-07-13 23:05:04
C10060,Apurva Kapoor,9651763859,apurvakapoor@hotmail.com,Thane,2023-06-30 03:35:49
C10061,Vasu Chandra,9502821421,vasuchandra1140@google.org,Panjim,2022-07-27 02:33:54
C10062,Savitri Persaud,9588151258,savitripersaud5409@google.org,Gorakhpur,2025-01-19 19:27:04
C10063,Sabeen Raman,9258402075,sabeenraman1624@hotmail.com,Adoni,2022-06-17 22:12:17
C10064,Ajay Lalit,9798762525,ajaylalit8143@google.org,Satara,2023-03-18 15:01:58
C10065,Prabhu Samuel,9569272211,prabhusamuel3340@outlook.com,Silchar,2023-01-22 04:49:29
C10066,Jaya Verma,9315538577,jayaverma@outlook.org,Raurkela Civil Township,2022-03-17 20:56:23
C10067,Sumati Sudha,9124148862,sumatisudha@google.edu,Gangtok,2024-05-24 04:28:01
C10068,Vinay Sara,9856483758,vinaysara797@hotmail.org,Itanagar,2022-12-19 12:05:13
C10069,Sandhya Raji,9751858375,sandhyaraji7296@outlook.com,Itanagar,2024-05-23 13:46:31
C10070,Tushar Manohar,9390627616,tusharmanohar7225@hotmail.edu,Erode,2024-06-12 07:17:17
C10071,Varsha Neel,9892900374,varshaneel@google.com,Sirsa,2022-11-21 19:42:27
C10072,Padma Lal,9517408312,padmalal3303@yahoo.edu,Bhilwara,2023-11-06 08:15:32
C10073,Abhijit Nita,9822153702,abhijitnita1105@google.org,Daman,2024-11-06 01:57:21
C10074,Gauri Jindal,9104894800,gaurijindal@hotmail.com,Chandigarh,2023-02-20 12:21:43
C10075,Rina Pawan,9475622203,rinapawan@yahoo.org,Itanagar,2022-03-12 03:24:37
C10076,Chandra Nagpal,9606127343,chandranagpal@google.org,Dehradun,2022-08-31 14:36:53
C10077,Nitin Manohar,9495179025,nitinmanohar@google.edu,Delhi,2022-06-12 15:52:19
C10078,Kashi Subramanian,9412207022,kashisubramanian4398@yahoo.org,Korba,2024-10-14 21:50:23
C10079,Jaywant Dutta,9147786105,jaywantdutta1130@google.org,Chandigarh,2022-10-29 04:24:59
C10080,Savitri Rai,9046107234,savitrirai@outlook.com,Bhiwani,2024-01-29 23:57:50
C10081,Lina Jana,9835800629,linajana4713@hotmail.org,Bhind,2023-09-22 08:44:43
C10082,Govinda Rana,9788750858,govindarana@google.com,Jammu,2023-01-30 04:18:11
C10083,Anuj Gandhi,9004661688,anujgandhi7646@hotmail.com,Panjim,2024-12-30 18:21:16
C10084,Ramachandra Sandeep,9152924732,ramachandrasandeep@yahoo.edu,Ulhasnagar,2022-11-04 14:41:35
C10085,Babur Roy,9254374577,baburroy3575@outlook.edu,Bokaro Steel City,2023-12-19 08:30:01
C10086,Abhinav Jana,9239571806,abhinavjana@google.org,Mandasor,2022-07-13 11:13:59
C10087,Dev Sai,9674651774,devsai@hotmail.com,Hathras,2022-09-11 20:18:46
C10088,Rani Lalit,9456820505,ranilalit@google.edu,Silvassa,2024-12-02 15:18:26
C10089,Raj Subramanian,9143712389,rajsubramanian1499@hotmail.com,Rawalpindi,2024-07-04 20:52:56
C10090,Bilal Mittal,9097589552,bilalmittal9561@outlook.org,Imphal,2023-02-27 21:34:45
C10091,Shashi Madan,9361443588,shashimadan5703@hotmail.org,Srinagar,2025-01-12 23:50:35
C10092,Vasundhara Chander,9145457485,vasundharachander@google.com,Mandasor,2024-01-16 23:20:11
C10093,Qasim Ranga,9850715376,qasimranga@hotmail.edu,Shillong,2022-03-17 06:35:17
C10094,Shrivatsa Rana,9588687746,shrivatsarana@hotmail.edu,Panihati,2023-08-29 17:38:39
C10095,Diksha Dhawan,9356872376,dikshadhawan2714@outlook.com,Agartala,2024-07-29 09:15:10
C10096,Sulabha Neelam,9612778734,sulabhaneelam@yahoo.org,Bilaspur,2024-07-18 01:46:55
C10097,Jaya Subramani,9916615778,jayasubramani@outlook.edu,Panjim,2022-09-03 11:04:55
C10098,Namrata Naran,9513573642,namratanaran@outlook.edu,Hospet,2024-07-25 10:50:14
C10099,Punit Subramani,9161855859,punitsubramani@yahoo.org,Veraval,2024-07-16 06:08:07
C10100,Nitya Sen,9623660841,nityasen@outlook.edu,Silvassa,2025-01-07 00:18:43
C10101,Shabnam Chandrasekar,9644205942,shabnamchandrasekar@yahoo.org,Tonk,2024-09-27 10:17:39
C10102,Subhash Rajan,9542820251,subhashrajan3023@yahoo.edu,Port Blair,2024-07-24 07:15:39
C10103,Prasenjit Srivas,9749733766,prasenjitsrivas@hotmail.org,Pondicherry,2025-01-03 02:11:38
C10104,Vinay Chande,9131314690,vinaychande@hotmail.org,Panjim,2023-07-03 02:23:32
C10105,Krishna Puri,9453481765,krishnapuri2405@yahoo.org,Sargodha,2023-05-10 22:43:14
C10106,Sonal Srivastav,9852712295,sonalsrivastav6795@yahoo.org,Ranchi,2022-03-26 03:36:12
C10107,Shresth Pal,9887154736,shresthpal@outlook.org,Murwara,2022-10-10 02:28:18
C10108,Tara Rastogi,9846676845,tararastogi7847@google.edu,Agartala,2024-10-08 00:26:40
C10109,Kiran Nagpal,9416223149,kirannagpal@google.edu,Pak Pattan,2023-01-17 06:55:40
C10110,Balwinder Mehra,9597481536,balwindermehra@hotmail.edu,Gangtok,2024-10-30 05:32:25
C10111,Suman Soni,9641560445,sumansoni1419@yahoo.com,Aizwal,2023-11-21 11:21:08
C10112,Avani Swami,9175638114,avaniswami@hotmail.org,Ongole,2024-01-10 17:45:50
C10113,Sushila Roy,9080670621,sushilaroy8405@google.edu,Raigarh,2022-08-16 08:02:47
C10114,Thamarai Veena,9642188332,thamaraiveena2863@outlook.edu,Navsari,2023-01-27 13:52:45
C10115,Shantanu Rajagopal,9344725742,shantanurajagopal3935@hotmail.com,Daman,2022-12-14 00:20:58
C10116,Aswathi Mittal,9947851812,aswathimittal4843@outlook.edu,Aizwal,2023-03-26 15:06:18
C10117,Varsha Rastogi,9325151474,varsharastogi2514@hotmail.org,Kavaratti,2023-08-01 20:33:48
C10118,Aditya Chaudhary,9644749966,adityachaudhary9158@google.edu,Brahmapur,2022-08-23 22:34:14
C10119,Grishma Bhat,9988466571,grishmabhat2948@outlook.com,Jhelum,2023-11-05 06:29:25
C10120,Nalini Persaud,9163759244,nalinipersaud@hotmail.edu,Shimla,2024-10-03 18:12:48
C10121,Kalyani Mittal,9524233113,kalyanimittal4491@yahoo.org,Dehri,2023-11-17 10:56:31
C10122,Aruna Rai,9887413525,arunarai5834@hotmail.edu,Delhi,2022-04-14 21:03:17
C10123,Lakshmi Joshi,9141343507,lakshmijoshi@outlook.com,Gwalior,2023-10-06 10:02:25
C10124,Murali Mittal,9494830652,muralimittal3967@hotmail.org,Shimla,2023-04-14 06:49:31
C10125,Aruna Chakrabarti,9887813660,arunachakrabarti@yahoo.edu,Itanagar,2022-07-14 17:08:29
C10126,Amardeep Sehgal,9592722535,amardeepsehgal@outlook.org,Dehradun,2022-03-12 00:59:06
C10127,Dhaval Aggarwal,9945812512,dhavalaggarwal@yahoo.edu,Tambaram,2022-01-29 20:59:27
C10128,Riya Mahajan,9272601791,riyamahajan@hotmail.edu,Shillong,2024-07-19 01:39:52
C10129,Uma Nigam,9470583001,umanigam1869@yahoo.edu,Ulhasnagar,2023-12-25 01:07:06
C10130,Bala Mati,9519716794,balamati@outlook.org,Kohima,2022-12-31 22:54:25
C10131,Prabhat Sehgal,9447071193,prabhatsehgal@outlook.edu,Shimla,2024-08-20 04:57:52
C10132,Puja Punj,9756888779,pujapunj@google.edu,Amravati,2024-05-10 08:15:22
C10133,Vaishnavi Subramani,9635785052,vaishnavisubramani@yahoo.org,Panjim,2023-09-29 17:33:27
C10134,Mukul Puri,9803312146,mukulpuri@yahoo.com,Shillong,2023-07-13 18:29:43
C10135,Prem Verma,9925974664,premverma7022@outlook.edu,Haridwar,2024-09-27 02:16:04
C10136,Kanta Nagpal,9758536910,kantanagpal@yahoo.org,Patna,2024-04-24 05:57:11
C10137,Sujay Lal,9423319466,sujaylal7854@yahoo.org,Rampur,2023-09-29 15:00:54
C10138,Vasu Roy,9286866950,vasuroy@outlook.edu,Silvassa,2023-12-05 08:29:32
C10139,Sukhdeep Chauhan,9887273938,sukhdeepchauhan998@google.org,Srinagar,2022-03-24 08:18:20
C10140,Maruf Subram,9761196681,marufsubram19@yahoo.edu,Daman,2022-03-25 16:50:13
C10141,Shashi Mahajan,9863702715,shashimahajan894@hotmail.edu,Kohima,2022-10-17 05:05:01
C10142,Mina Vish,9097130781,minavish@hotmail.edu,Kohima,2023-05-15 13:38:58
C10143,Gulbadan Pal,9742457978,gulbadanpal@hotmail.org,Pondicherry,2023-04-17 05:31:23
C10144,Navdeep Saini,9379326279,navdeepsaini@google.org,Jhansi,2024-02-24 22:46:18
C10145,Abhinav Samuel,9351223836,abhinavsamuel4735@google.edu,Achalpur,2024-09-13 12:12:50
C10146,Surendra Manju,9764383402,surendramanju577@hotmail.com,Chandigarh,2024-11-28 18:34:30
C10147,Mridula Neel,9478375423,mridulaneel9060@google.edu,Wardha,2023-06-05 02:23:38
C10148,Gulrukh Sai,9032547510,gulrukhsai@google.edu,Kohima,2023-09-06 02:33:43
C10149,Asad Darsha,9094314546,asaddarsha287@yahoo.com,Gangtok,2023-07-11 12:24:32
C10150,Pratibha Srini,9550875963,pratibhasrini8585@google.edu,Modinagar,2024-12-08 13:55:51
C10151,Nikhil Nagpal,9192486364,nikhilnagpal@yahoo.com,Itanagar,2023-01-08 05:00:41
C10152,Vidya Chaudhary,9601412577,vidyachaudhary@outlook.org,Pondicherry,2022-07-31 15:23:35
C10153,Subhash Raji,9881443467,subhashraji3680@yahoo.edu,Daman,2024-02-25 18:54:12
C10154,Kavita Raman,9345279674,kavitaraman@yahoo.edu,Itanagar,2024-02-20 21:20:52
C10155,Devi Charan,9214576421,devicharan@hotmail.com,Itanagar,2023-06-12 05:24:17
C10156,Rani Srivas,9539855142,ranisrivas@outlook.org,Rohtak,2024-02-19 18:58:39
C10157,Ninad Charan,9105712723,ninadcharan1778@google.org,Palayankottai,2023-04-22 11:27:36
C10158,Ninad Narayan,9012418411,ninadnarayan@google.edu,Rae Bareli,2024-05-16 12:28:34
C10159,Rani Srivas,9172843978,ranisrivas9416@outlook.org,Delhi,2024-12-11 00:49:01
C10160,Navneet Chaudhary,9143537663,navneetchaudhary@outlook.com,Daman,2022-07-14 02:00:11
C10161,Pushpa Srivastava,9273614555,pushpasrivastava321@yahoo.org,Miraj,2024-12-19 10:32:50
C10162,Aniket Naran,9645643065,aniketnaran@yahoo.edu,Kavaratti,2023-09-29 07:40:22
C10163,Khan Ranga,9961462742,khanranga@hotmail.com,Delhi,2024-11-28 01:46:03
C10164,Akhil Nath,9857813221,akhilnath6838@hotmail.edu,Hospet,2023-04-02 19:11:57
C10165,Jaswinder Bhat,9231607121,jaswinderbhat@google.com,Pallavaram,2023-12-29 17:05:50
C10166,Durga Chandra,9788743809,durgachandra@yahoo.edu,Shillong,2023-12-17 19:12:08
C10167,Dhaval Ganesh,9816579152,dhavalganesh3617@hotmail.org,Nandyal,2023-08-13 21:56:21
C10168,Padmini Shan,9371816017,padminishan@google.edu,Gangtok,2022-08-22 02:48:13
C10169,Abdul Sehgal,9959510537,abdulsehgal@outlook.com,Cuttack,2022-03-20 22:11:15
C10170,Sanjiv Bhat,9535968980,sanjivbhat@hotmail.edu,Kohima,2024-07-26 12:19:23
C10171,Abhijit Pal,9210653310,abhijitpal4376@hotmail.org,Imphal,2024-11-26 20:22:21
C10172,Sanjana Ranga,9441481618,sanjanaranga@outlook.edu,Aizwal,2023-01-04 04:57:51
C10173,Abhijit Raman,9422674888,abhijitraman@outlook.org,Dehradun,2024-10-15 03:08:35
C10174,Gurdeep Tyagi,9731934967,gurdeeptyagi@google.edu,Panjim,2023-12-18 06:19:59
C10175,Murugan Saxena,9862173726,murugansaxena@hotmail.org,Munger,2023-06-22 16:05:55
C10176,Partha Veer,9660425057,parthaveer9424@outlook.com,Aizwal,2024-10-24 03:08:50
C10177,Aditya Rajagopal,9305655480,adityarajagopal@google.edu,Karnal,2023-11-11 14:19:33
C10178,Aziz Veena,9096554918,azizveena2586@outlook.com,Delhi,2023-02-12 05:42:37
C10179,Arijit Joshi,9428203314,arijitjoshi9060@outlook.com,Aizwal,2022-03-09 21:25:01
C10180,Sultan Nirmal,9575278470,sultannirmal@yahoo.com,Nizamabad,2022-10-04 15:34:11
C10181,Balwinder Jindal,9337337078,balwinderjindal@hotmail.org,Raipur,2023-07-25 08:22:41
C10182,Ankur Manohar,9605563314,ankurmanohar@yahoo.org,Kukatpalle,2022-05-07 14:31:22
C10183,Nirmal Mahajan,9413459701,nirmalmahajan7015@outlook.org,Ulhasnagar,2024-10-13 22:47:26
C10184,Sulabha Srivastav,9689866775,sulabhasrivastav@hotmail.org,Panipat,2023-09-10 14:57:50
C10185,Nagendra Madan,9928869483,nagendramadan@google.com,Daman,2023-06-22 05:18:30
C10186,Lata Goel,9558508260,latagoel@hotmail.edu,Chapra,2023-09-24 17:24:27
C10187,Arushi Subramani,9443328358,arushisubramani@hotmail.org,Shimoga,2024-07-10 03:48:31
C10188,Vijaya Chauhan,9078316485,vijayachauhan@google.edu,Delhi,2023-05-21 14:43:51
C10189,Jayesh Engineer,9182981438,jayeshengineer7970@google.org,Chandigarh,2022-09-18 22:04:52
C10190,Veda Chandra,9642263450,vedachandra@yahoo.org,Port Blair,2022-02-09 16:03:07
C10191,Chanda Mehra,9449273921,chandamehra@yahoo.com,Gulbarga,2022-07-04 11:26:34
C10192,Swapnil Nara,9149124614,swapnilnara4848@google.org,Guwahati,2023-03-29 06:49:40
C10193,Kiran Sehgal,9661116682,kiransehgal4465@hotmail.com,Delhi,2022-11-07 04:53:13
C10194,Hasan Mati,9253871751,hasanmati8604@hotmail.com,Delhi,2023-01-11 19:37:32
C10195,Madhukar Rajagopal,9636476265,madhukarrajagopal@hotmail.org,Vihari,2023-06-10 22:33:55
C10196,Diksha Bhatt,9536513595,dikshabhatt6031@google.org,Raj Nandgaon,2023-03-10 21:21:07
C10197,Apurva Subramanian,9669085531,apurvasubramanian@yahoo.org,Guwahati,2023-12-14 14:43:04
C10198,Durga Dutta,9849457256,durgadutta1031@google.edu,Purnea,2024-10-10 07:02:05
C10199,Trishna Mehra,9313361585,trishnamehra7170@hotmail.edu,Sambalpur,2023-07-27 10:42:21
C10200,Gita Charan,9675865364,gitacharan7665@yahoo.com,Daman,2022-05-16 07:01:23
