ID,Name,Mobno,email,city,date
C1001,Arijit Lalit,9283734763,arijitlalit@yahoo.org,Pondicherry,2023-01-19 12:45:54
C1002,Aniket Ganesh,9793669231,aniketganesh@yahoo.org,Shimla,2023-08-14 07:55:32
C1003,Uttara Muthu,9344726156,uttaramuthu@google.org,Jamshedpur,2022-02-16 19:09:06
C1004,Pravin Srivas,9553383832,pravinsrivas4003@google.edu,Bilaspur,2023-07-11 04:34:15
C1005,Jitendra Narang,9316683585,jitendranarang@hotmail.edu,Khanewal,2022-10-08 11:50:55
C1006,Ishita Chandra,9538531315,ishitachandra@yahoo.org,Panjim,2023-09-24 23:27:13
C1007,Mitra Dutta,9728236168,mitradutta5065@yahoo.com,Mangalore,2024-11-03 13:47:53
C1008,Ezhil Srini,9843373737,ezhilsrini675@hotmail.edu,Bokaro Steel City,2024-02-12 15:22:18
C1009,Indumathi Patel,9787800719,indumathipatel@hotmail.edu,Imphal,2024-05-22 19:49:03
C1010,Siddhi Samuel,9751187257,siddhisamuel@outlook.edu,Agartala,2022-03-15 14:32:31
C1011,Uttara Aggarwal,9052795951,uttaraaggarwal2728@hotmail.org,Ajmer,2023-02-28 08:51:52
C1012,Zafar Anand,9206466426,zafaranand@google.com,Aizwal,2022-12-23 20:35:05
C1013,Saral Chandrasekar,9242305174,saralchandrasekar9426@yahoo.org,Pondicherry,2022-01-20 19:42:11
C1014,Chandan Sai,9534198872,chandansai7645@google.org,Panjim,2022-03-01 04:37:44
C1015,Pradip Veena,9021775530,pradipveena@yahoo.edu,Jalandhar (Jullundur},2022-03-05 12:30:47
C1016,Adil Srini,9279706662,adilsrini6412@yahoo.com,Thalassery,2024-08-03 01:59:06
C1017,Sumit Sai,9915234613,sumitsai8737@hotmail.com,Shillong,2023-09-24 06:50:33
C1018,Asim Gandhi,9484140562,asimgandhi2079@google.org,Gadag Betigeri,2023-02-15 17:49:50
C1019,Shakuntala Sharma,9091863827,shakuntalasharma4748@hotmail.com,Silvassa,2023-07-15 13:03:14
C1020,Amandeep Malhotra,9085139538,amandeepmalhotra2589@outlook.org,Hisar,2022-11-27 20:24:24
C1021,Savitri Rajan,9441708625,savitrirajan@hotmail.org,Noida,2023-11-02 17:51:13
C1022,Aditi Naran,9225362541,aditinaran7465@hotmail.com,Itanagar,2022-08-28 20:08:22
C1023,Amandeep Chakrabarti,9301247365,amandeepchakrabarti43@outlook.com,Purnea,2024-07-17 06:35:39
C1024,Nirav Samuel,9728851866,niravsamuel@yahoo.org,Kavaratti,2023-11-16 04:51:46
C1025,Rishi Nath,9123985464,rishinath@google.edu,Haridwar,2022-10-27 14:57:43
C1026,Suman Srivastava,9381877418,sumansrivastava@google.edu,Puri,2023-08-18 12:28:27
C1027,Yasir Muthu,9375584661,yasirmuthu2487@yahoo.org,Kavaratti,2023-02-13 23:55:15
C1028,Amardeep Chakrabarti,9431324136,amardeepchakrabarti6823@hotmail.edu,Cochin,2022-09-04 18:01:47
C1029,Rama Dhawan,9116356883,ramadhawan7501@outlook.org,Agartala,2022-10-07 07:34:28
C1030,Vasudha Swami,9268032387,vasudhaswami4515@yahoo.com,Dehri,2024-12-03 16:10:23
C1031,Saraswati Manohar,9461454770,saraswatimanohar6967@yahoo.com,Nagaon,2022-06-07 10:06:18
C1032,Suman Sara,9148222402,sumansara2485@outlook.org,Panjim,2024-03-06 10:42:02
C1033,Asim Pal,9654731141,asimpal8694@yahoo.org,Raurkela,2024-07-06 20:27:25
C1034,Priyanka Chandra,9061165002,priyankachandra6568@outlook.org,Port Blair,2024-06-28 04:15:19
C1035,Sunita Nigam,9367854531,sunitanigam6126@google.org,Kavaratti,2024-04-24 06:08:43
C1036,Nasrin Rajan,9643187424,nasrinrajan@google.com,Nizamabad,2024-09-09 15:57:50
C1037,Sandhya Subramani,9674478462,sandhyasubramani@hotmail.org,Sikar,2022-05-06 21:55:37
C1038,Amandeep Manohar,9254923853,amandeepmanohar@hotmail.org,Delhi,2024-04-10 14:20:22
C1039,Amarjeet Patel,9544388613,amarjeetpatel1627@hotmail.com,Bijapur,2025-01-09 15:09:40
C1040,Rajni Roy,9928726676,rajniroy@yahoo.edu,Pondicherry,2023-12-15 20:14:59
C1041,Kalpana Subramani,9839501113,kalpanasubramani8293@hotmail.edu,Nanded,2022-11-24 16:19:39
C1042,Priyanka Roy,9380292865,priyankaroy9475@yahoo.com,Khanpur,2024-03-02 20:26:49
C1043,Fariha Ranga,9045150600,fariharanga@hotmail.edu,Silvassa,2023-07-22 13:16:01
C1044,Abdul Nath,9154486030,abdulnath@yahoo.edu,Agartala,2022-11-23 14:03:29
C1045,Gulbadan Aggarwal,9233729991,gulbadanaggarwal@hotmail.org,Delhi,2024-05-29 06:28:15
C1046,Kailash Chaudhary,9623603653,kailashchaudhary@hotmail.com,Vejalpur,2023-09-15 00:56:53
C1047,Mahmud Chaudhary,9742167325,mahmudchaudhary@outlook.edu,Agartala,2023-12-17 08:54:32
C1048,Kanta Saini,9366857443,kantasaini8282@hotmail.edu,Panjim,2023-02-02 21:58:03
C1049,Rashmi Pawan,9287342378,rashmipawan@outlook.org,Tambaram,2024-11-09 02:33:31
C1050,Vaishnavi Joshi,9141218332,vaishnavijoshi@outlook.org,Vadodara,2024-07-24 13:49:53
C1051,Tara Srivastav,9272953684,tarasrivastav6536@hotmail.org,Brahmapur,2023-04-12 18:44:49
C1052,Dhaval Kishore,9912684683,dhavalkishore@google.edu,Baidyabati,2022-07-30 12:13:19
C1053,Mridula Aggarwal,9916661856,mridulaaggarwal@yahoo.org,Godhra,2024-09-23 19:56:01
C1054,Dayaram Krishnamurthy,9023753939,dayaramkrishnamurthy@google.com,Kohima,2023-07-24 14:36:45
C1055,Isha Soni,9612399644,ishasoni1560@outlook.edu,Silvassa,2024-07-29 03:23:12
C1056,Ajay Charan,9637352535,ajaycharan@yahoo.com,Shimla,2022-05-09 10:42:45
C1057,Dayaram Neela,9861222311,dayaramneela5710@google.edu,Silvassa,2023-01-13 12:15:22
C1058,Diksha Bhatt,9650636443,dikshabhatt1828@hotmail.edu,Chandigarh,2024-09-22 13:40:05
C1059,Rajnish Jana,9352755658,rajnishjana@yahoo.com,Dehradun,2022-08-21 01:06:38
C1060,Arya Chandrasekar,9478328295,aryachandrasekar@yahoo.org,Port Blair,2024-10-10 23:48:59
C1061,Jayendra Subram,9677155753,jayendrasubram9442@google.edu,Shimla,2023-05-21 17:09:21
C1062,Ankit Kapoor,9367762377,ankitkapoor@hotmail.edu,Panjim,2024-07-04 19:24:31
C1063,Asad Vish,9030512842,asadvish@outlook.edu,Pondicherry,2022-02-13 02:01:32
C1064,Gurmeet Vish,9443566328,gurmeetvish8596@google.com,Naihati,2022-04-13 17:00:13
C1065,Suraj Saxena,9083428736,surajsaxena@google.com,Pilibhit,2022-01-30 02:32:56
C1066,Sabeen Engineer,9361225625,sabeenengineer816@google.org,Delhi,2022-02-21 02:17:09
C1067,Akash Darsha,9244491104,akashdarsha2365@yahoo.com,Imphal,2024-04-22 03:36:26
C1068,Drishti Jindal,9933504496,drishtijindal@outlook.org,Panjim,2022-08-19 12:49:45
C1069,Navin Swami,9594962542,navinswami@google.com,Gojra,2024-03-12 14:46:35
C1070,Abbas Vijaya,9241185608,abbasvijaya@google.edu,Itanagar,2023-04-01 00:29:14
C1071,Rajkumari Manohar,9641852524,rajkumarimanohar5853@outlook.org,Guwahati,2022-02-28 15:48:54
C1072,Farhan Goel,9312947432,farhangoel@outlook.edu,Raurkela Civil Township,2024-10-10 21:01:36
C1073,Govinda Krishnamurthy,9560389887,govindakrishnamurthy6464@hotmail.edu,Itanagar,2025-01-08 17:12:05
C1074,Jaywant Punj,9328748461,jaywantpunj@google.edu,Silvassa,2025-01-02 21:42:47
C1075,Murali Raje,9725946718,muraliraje@hotmail.org,Cuttack,2024-05-08 18:33:59
C1076,Rajni Rastogi,9041262487,rajnirastogi7457@outlook.com,Ambattur,2022-06-25 02:35:20
C1077,Rajesh Subram,9353273543,rajeshsubram@outlook.org,Silvassa,2023-03-28 16:39:51
C1078,Nanda Neela,9242834589,nandaneela@outlook.edu,Bettiah,2023-08-20 09:52:26
C1079,Suraj Madan,9838238663,surajmadan4917@yahoo.edu,Pondicherry,2022-06-15 09:48:04
C1080,Zawar Sandeep,9852430644,zawarsandeep@yahoo.edu,Gujrat,2022-12-16 11:05:09
C1081,Madhu Roy,9667152807,madhuroy6490@google.com,Pondicherry,2024-06-02 22:44:00
C1082,Amir Joshi,9468761926,amirjoshi@yahoo.com,Thalassery,2023-03-15 07:57:04
C1083,Esha Krishnamurthy,9731663363,eshakrishnamurthy@google.org,Itanagar,2024-05-12 10:41:14
C1084,Jayashri Kapoor,9535456313,jayashrikapoor@outlook.com,Nadiad,2022-02-18 06:12:40
C1085,Lakshmi Gandhi,9371285517,lakshmigandhi@hotmail.com,Yeotmal,2022-03-16 13:51:14
C1086,Shiva Chakrabarti,9398067349,shivachakrabarti4583@google.edu,Agartala,2024-06-20 13:19:12
C1087,Rama Jindal,9031678644,ramajindal958@outlook.com,Silvassa,2023-11-22 02:17:05
C1088,Amardeep Persaud,9175167734,amardeeppersaud@google.edu,Habra,2023-05-11 17:08:36
C1089,Lal Engineer,9411488137,lalengineer@outlook.com,Delhi,2024-11-08 16:59:31
C1090,Kanta Samuel,9160447879,kantasamuel320@google.com,Daman,2023-07-25 00:22:23
C1091,Devadas Bhat,9771129763,devadasbhat3351@google.org,South Dum Dum,2022-05-10 10:59:33
C1092,Amar Meena,9531186137,amarmeena8619@yahoo.org,Gonda,2024-03-04 00:21:26
C1093,Anil Jana,9972850479,aniljana6196@yahoo.org,Silvassa,2024-09-24 05:57:15
C1094,Abha Rastogi,9627774252,abharastogi7804@hotmail.edu,Jammu,2024-12-19 08:40:46
C1095,Pushpa Chaudhary,9746487746,pushpachaudhary@google.edu,Nagpur,2024-11-29 14:13:03
C1096,Khurshd Anand,9174280512,khurshdanand@google.edu,Vizianagaram,2022-04-15 10:43:29
C1097,Nida Veer,9411777311,nidaveer1686@outlook.edu,Barasat,2023-07-24 01:57:26
C1098,Gul Mati,9683168639,gulmati@google.com,Sialkot,2024-11-27 16:32:17
C1099,Amandeep Tyagi,9057849572,amandeeptyagi3510@hotmail.org,Delhi,2023-03-15 13:17:30
C1100,Nishat Pal,9298187445,nishatpal@outlook.edu,Patiala,2024-07-17 15:42:55
